id,name,all_targets,timepoints,baseline_samples,low_baseline_100,control_sensitive_015,baseline_sensitive_015,late_pair_gap_015,review_100_015,cm_total,ko_total
S1,Maeder_VEGFA_V2,587,16,3,8,0,34,28,58,7280,5091
S2,Gilbert_UBE4A_4,597,16,3,6,73,6,8,73,24335,10012
S3,Gilbert_RAB1A_7,595,16,3,2,0,1,133,133,22495,10149
S4,Gilbert_DPH1_19,595,16,3,0,0,3,218,219,26701,11043
S5,Gilbert_DPH2_4,595,16,3,8,7,8,7,9,13909,9805
S6,Gilbert_ST3GAL5_4,591,16,3,1,0,4,8,12,23950,11212
S7,Gilbert_H19_1,609,16,3,67,0,150,61,219,2527,3216
S8,Xu_i_neg_eff_GEMIN5,591,16,3,8,0,13,133,142,7944,6694
S9,Xu_i_neg_eff_ZC3H8,593,16,3,3,167,23,148,295,5826,3953
S10,Xu_i_neg_eff_PFDN2,593,16,3,8,0,19,194,201,8125,2201
S11,Xu_i_neg_eff_ATF5,591,16,3,2,0,1,132,132,7725,7488
S12,Xu_i_pos_eff_MAD2L2,603,16,3,7,6,7,106,115,32647,15339
S13,Xu_i_pos_eff_CSTF3,597,16,3,4,3,6,44,47,10440,7708
S14,Xu_i_pos_eff_B3GALT4,593,16,3,5,0,10,28,31,47713,15296
S15,Xu_i_pos_eff_VPS53,603,16,3,5,8,6,142,147,43864,10456
S16,Xu_i_pos_ineff_CYB5B,597,16,3,8,0,17,64,71,18029,9187
S17,Xu_i_pos_ineff_CSTF3,603,16,3,8,1,37,40,71,15665,14948
S18,Xu_i_pos_ineff_ATP6V1E1,597,16,3,3,590,2,70,595,8894,6070
S19,Xu_i_pos_ineff_MAD2L2,603,16,3,5,2,4,122,124,9030,4541
S20,Xu_i_pos_ineff_DPH5,591,16,3,8,0,9,45,52,10274,2873
S21,Xu_i_pos_ineff_CSTF1,593,16,3,8,14,8,33,45,11364,3895
S22,Xu_i_pos_ineff_VPS53,591,16,3,7,0,13,46,55,14299,4669
S23,Xu_i_neg_ineff_SLMO2,597,16,3,0,0,4,48,50,23235,10565
S24,Xu_i_neg_ineff_GNPAT,601,16,3,0,0,3,98,99,28950,7789
S25,Xu_i_neg_ineff_SUPT6H,591,16,3,5,117,5,8,123,23345,12790
S26,Xu_i_neg_ineff_RFC3,599,16,3,3,0,3,44,46,10116,11325
S27,Xu_i_neg_ineff_PFDN2,593,16,3,2,0,5,48,49,32696,16814
S28,Xu_i_neg_ineff_COPB2,593,16,3,7,0,10,48,54,14461,12199
S29,Xu_i_neg_ineff_POLR2B,593,16,3,8,585,5,102,588,5646,3698
S30,Xu_FOXA1_validate_1,591,16,3,0,4,5,10,13,25329,21621
S31,Xu_FOXA1_validate_2,593,16,3,0,0,4,23,24,20942,16781
S32,Xu_FOXA1_validate_3,591,15,2,6,1,7,115,115,17746,10863
S33,Xu_AR_validate_1,597,16,3,1,0,0,13,13,13877,15740
S34,Xu_AR_validate_2,597,16,3,4,356,3,15,357,12785,7152
S36,L1_CT,589,16,3,0,0,31,110,131,4097,3023
S37,L1_RC,589,16,3,0,0,8,170,174,2549,5882
S38,L1_RC_FH,589,16,3,1,29,37,126,165,2348,1916
S39,L1_RC_SH,589,16,3,8,0,86,281,326,3431,3068
S40,L1_CM,589,16,3,0,0,4,65,69,7417,9465
S41,L1_RV,589,16,3,31,368,87,311,486,4340,1824
S42,YF_VEGFA_1_CT,605,16,3,8,41,13,214,223,9527,6810
S43,YF_VEGFA_1_RC,605,16,3,10,464,14,253,579,5903,4351
S44,YF_VEGFA_1_RV,603,16,3,23,1,6,106,129,14729,6520
S45,YF_VEGFA_1_CM,603,16,3,0,194,0,99,245,5709,3664
S46,Gilbert_DPH2_4_RV,595,16,3,6,60,5,9,66,22525,11109
S47,Gilbert_DPH2_4_CM,595,16,3,8,11,7,21,25,12725,5555
S48,Gilbert_UBE4A_4_RV,597,16,3,6,7,28,20,43,22138,10465
S49,Gilbert_UBE4A_4_CM,595,16,3,8,10,18,15,30,8649,5414
S50,Gilbert_ST3GAL5_4_CM,593,16,3,5,1,3,51,53,9609,6111
S51,Gilbert_ST3GAL5_4_RV,591,16,3,0,0,2,103,103,17872,8732
S52,YF_VEGFA_2_CM,603,16,3,389,574,250,389,603,351,474
S53,YF_VEGFA_2_RV,603,16,3,30,590,79,227,603,1427,952
S54,YF_VEGFA_2_RC,603,16,3,222,572,164,415,603,1018,482
S55,Synthetic_1,591,16,3,1,0,3,98,99,8042,6235
S56,Synthetic_1_RV,591,16,3,0,92,0,23,103,13761,11643
S57,Synthetic_1_CM,591,16,3,0,85,1,45,110,11026,10140
S58,Synthetic_2,593,16,3,1,1,5,73,75,7948,5157
S59,Synthetic_3,589,16,3,5,159,6,58,188,3904,4613
S60,L1,589,16,3,0,0,0,1,1,13761,10927
S61,L2,593,16,3,0,164,4,129,248,4405,6352
S62,L3,593,16,3,2,588,9,64,588,2768,2677
S63,L4,593,16,3,0,0,4,30,33,12239,7359
S64,L5,593,16,3,0,581,7,135,583,4476,3222
S65,L6,597,16,3,7,10,45,164,197,2816,2677
S66,Hsu_EMX1_1,595,16,3,2,215,5,198,324,2827,3120
S67,Hsu_EMX1_3,593,16,3,0,189,5,3,189,39559,22003
S68,Hsu_EMX1_2,595,16,3,0,104,0,168,256,5872,8363
S69,Hsu_EMX1_6,593,16,3,12,34,21,160,191,3388,3761
S70,BXHF_unc22A,597,16,3,0,1,4,6,6,31671,18007
S71,BXHF_rol6,591,16,3,3,29,7,3,29,36209,32128
S72,BXHF_protospacer4,601,16,3,0,6,7,4,8,34947,20640
S73,Kuscu_1,599,16,3,0,0,0,23,23,20999,13892
S74,Kuscu_2,591,16,3,20,3,32,247,262,1228,2026
S75,Kuscu_3,591,16,3,0,386,8,433,590,3788,1742
S76,Kuscu_4,597,16,3,21,45,25,282,309,1353,1899
S77,YF_VEGFA_1,605,16,3,24,582,16,210,598,2145,1429
S78,YF_VEGFA_2,605,16,3,77,189,210,218,439,1132,198
S79,YF_VEGFA_3,587,16,3,444,587,225,479,587,328,482
S80,YF_EGFP_1,599,16,3,8,2,35,5,47,22235,9945
S81,YF_EGFP_2,593,16,3,11,1,60,383,407,7135,11216
S82,YF_EGFP_3,593,16,3,411,268,338,79,541,6344,3965
S83,Cradick_HBB,599,16,3,0,0,3,7,8,29871,23625
S84,YF_RNF2,591,16,3,0,0,9,112,117,2399,5682
S85,YF_FANCF,597,16,3,1,148,21,99,214,3492,3232
S86,Alu_1,599,16,3,2,0,5,53,58,6629,3111
S87,Alu_2,599,16,3,1,0,16,80,93,2236,2345
S88,Alu_3,595,16,3,5,595,131,280,595,2125,2301
S89,Alu_4,599,16,3,3,1,49,53,98,1744,2985
S90,Alu_5,593,16,3,8,1,50,102,143,2733,2600
S91,Alu_6,595,16,3,1,0,7,14,20,13188,7924
S92,Alu_7,593,16,3,0,0,4,45,48,7099,5518
